"Timestamp","Total score","Would you be interested in knowing where your funds are being invested?","Would you be interested in knowing where your funds are being invested? [Score]","Would you be interested in knowing where your funds are being invested? [Feedback]","Do you want your funds going to sustainable investments?","Do you want your funds going to sustainable investments? [Score]","Do you want your funds going to sustainable investments? [Feedback]","If we offer better earnings and positive factoring of credit score based on your high sustainable impact, is that something for you to consider before deciding your investment options?","If we offer better earnings and positive factoring of credit score based on your high sustainable impact, is that something for you to consider before deciding your investment options? [Score]","If we offer better earnings and positive factoring of credit score based on your high sustainable impact, is that something for you to consider before deciding your investment options? [Feedback]","Round-Up is an option where you can choose to round up your transaction and donate the differential to a sustainable cause. Would you like to participate in our Round-Up offering?","Round-Up is an option where you can choose to round up your transaction and donate the differential to a sustainable cause. Would you like to participate in our Round-Up offering? [Score]","Round-Up is an option where you can choose to round up your transaction and donate the differential to a sustainable cause. Would you like to participate in our Round-Up offering? [Feedback]","Local Causes is an offering where you can invest in sustainable local-business and earn higher returns once certain well-defined investment goals are met. Is this something that would be of interest for you?","Local Causes is an offering where you can invest in sustainable local-business and earn higher returns once certain well-defined investment goals are met. Is this something that would be of interest for you? [Score]","Local Causes is an offering where you can invest in sustainable local-business and earn higher returns once certain well-defined investment goals are met. Is this something that would be of interest for you? [Feedback]","Are there other Sustainable Practices you would like to mention that you do or the office should implement? (Optional)","Are there other Sustainable Practices you would like to mention that you do or the office should implement? (Optional) [Score]","Are there other Sustainable Practices you would like to mention that you do or the office should implement? (Optional) [Feedback]"
"2019/10/05 3:41:54 AM MDT","0.00 / 0","Yes","-- / 0","","Yes","-- / 0","","Yes","-- / 0","","Maybe","-- / 0","","Maybe","-- / 0","","","-- / 0",""
"2019/10/05 3:42:44 AM MDT","0.00 / 0","Yes","-- / 0","","Maybe","-- / 0","","Yes","-- / 0","","Yes","-- / 0","","Yes","-- / 0","","","-- / 0",""
"2019/10/05 3:42:48 AM MDT","0.00 / 0","Yes","-- / 0","","Yes","-- / 0","","Yes","-- / 0","","Maybe","-- / 0","","Maybe","-- / 0","","","-- / 0",""
"2019/10/05 3:43:18 AM MDT","0.00 / 0","Yes","-- / 0","","Maybe","-- / 0","","Yes","-- / 0","","Yes","-- / 0","","Yes","-- / 0","","","-- / 0",""
"2019/10/05 3:43:37 AM MDT","0.00 / 0","Yes","-- / 0","","Yes","-- / 0","","Yes","-- / 0","","Yes","-- / 0","","Yes","-- / 0","","","-- / 0",""
"2019/10/05 3:44:35 AM MDT","0.00 / 0","Yes","-- / 0","","Yes","-- / 0","","Yes","-- / 0","","Maybe","-- / 0","","Yes","-- / 0","","","-- / 0",""
"2019/10/05 3:44:51 AM MDT","0.00 / 0","Yes","-- / 0","","Yes","-- / 0","","Yes","-- / 0","","Yes","-- / 0","","Yes","-- / 0","","","-- / 0",""
"2019/10/05 3:45:07 AM MDT","0.00 / 0","Yes","-- / 0","","Yes","-- / 0","","Yes","-- / 0","","Yes","-- / 0","","Yes","-- / 0","","","-- / 0",""
"2019/10/05 3:45:21 AM MDT","0.00 / 0","Yes","-- / 0","","Yes","-- / 0","","Yes","-- / 0","","Yes","-- / 0","","Yes","-- / 0","","","-- / 0",""
"2019/10/05 3:45:42 AM MDT","0.00 / 0","Yes","-- / 0","","Yes","-- / 0","","Yes","-- / 0","","Yes","-- / 0","","Yes","-- / 0","","","-- / 0",""
"2019/10/05 3:46:24 AM MDT","0.00 / 0","Yes","-- / 0","","Maybe","-- / 0","","Yes","-- / 0","","Maybe","-- / 0","","Yes","-- / 0","","","-- / 0",""
"2019/10/05 3:46:43 AM MDT","0.00 / 0","Yes","-- / 0","","Yes","-- / 0","","Yes","-- / 0","","Yes","-- / 0","","Yes","-- / 0","","","-- / 0",""
"2019/10/05 3:47:03 AM MDT","0.00 / 0","Yes","-- / 0","","Yes","-- / 0","","Yes","-- / 0","","Maybe","-- / 0","","Maybe","-- / 0","","","-- / 0",""
"2019/10/05 3:47:36 AM MDT","0.00 / 0","Yes","-- / 0","","Yes","-- / 0","","Yes","-- / 0","","Maybe","-- / 0","","Yes","-- / 0","","","-- / 0",""
"2019/10/05 3:48:56 AM MDT","0.00 / 0","Maybe","-- / 0","","Maybe","-- / 0","","Maybe","-- / 0","","Yes","-- / 0","","Maybe","-- / 0","","","-- / 0",""
"2019/10/05 9:31:39 AM MDT","0.00 / 0","Yes","-- / 0","","Yes","-- / 0","","Yes","-- / 0","","Yes","-- / 0","","Yes","-- / 0","","","-- / 0",""
"2019/10/05 9:47:34 AM MDT","0.00 / 0","Yes","-- / 0","","Yes","-- / 0","","Yes","-- / 0","","Yes","-- / 0","","Yes","-- / 0","","","-- / 0",""
"2019/10/05 9:47:58 AM MDT","0.00 / 0","Yes","-- / 0","","Maybe","-- / 0","","Maybe","-- / 0","","Maybe","-- / 0","","Maybe","-- / 0","","","-- / 0",""
"2019/10/05 9:48:25 AM MDT","0.00 / 0","Yes","-- / 0","","Yes","-- / 0","","Yes","-- / 0","","Yes","-- / 0","","Yes","-- / 0","","","-- / 0",""
"2019/10/05 9:49:47 AM MDT","0.00 / 0","Yes","-- / 0","","Yes","-- / 0","","Yes","-- / 0","","Yes","-- / 0","","Yes","-- / 0","","","-- / 0",""
"2019/10/05 9:50:08 AM MDT","0.00 / 0","Yes","-- / 0","","Yes","-- / 0","","Yes","-- / 0","","Yes","-- / 0","","Yes","-- / 0","","","-- / 0",""
"2019/10/05 9:50:51 AM MDT","0.00 / 0","Yes","-- / 0","","Yes","-- / 0","","Yes","-- / 0","","Yes","-- / 0","","Yes","-- / 0","","","-- / 0",""
"2019/10/05 9:51:30 AM MDT","0.00 / 0","Yes","-- / 0","","Yes","-- / 0","","Yes","-- / 0","","Yes","-- / 0","","Yes","-- / 0","","","-- / 0",""
"2019/10/05 9:51:47 AM MDT","0.00 / 0","Maybe","-- / 0","","Maybe","-- / 0","","Yes","-- / 0","","Yes","-- / 0","","Yes","-- / 0","","","-- / 0",""
"2019/10/05 9:52:20 AM MDT","0.00 / 0","Maybe","-- / 0","","Yes","-- / 0","","Yes","-- / 0","","Yes","-- / 0","","Yes","-- / 0","","","-- / 0",""